{
  "norm_means": {
    "close": 137.57420616900484,
    "open": 137.55995382291445,
    "high": 139.1424264821394,
    "low": 135.96269321909156,
    "volume": 1768209.7124281481,
    "turnover": 124500379.58707465,
    "slow_momentum": 0.12330175545912882,
    "fast_momentum": 0.011716612549157995,
    "slow_signal": 0.33088337565078424,
    "fast_signal": 0.14822880332066993,
    "momentum_blend": 0.3981328767299325,
    "cycle_bull": 0.37561260305503813,
    "cycle_correction": 0.20474782708298675,
    "cycle_bear": 0.13738808147859263,
    "regime_global_score": 4.694918208309253,
    "regime_similarity_q20_mean": 3.2291797180728348,
    "regime_dissimilarity_q80_mean": 6.570481597998934,
    "regime_similarity_spread": 3.3413018799260996,
    "regime_similar_subsequent_return_1m": 0.0028389166416090904,
    "regime_similar_subsequent_return_3m": 0.008878516290852616,
    "regime_subsequent_return_spread_1m": -0.005079984426825284
  },
  "norm_stds": {
    "close": 251.18528614111344,
    "open": 251.0990313290349,
    "high": 253.98788277023382,
    "low": 248.36065714698216,
    "volume": 6653636.967341479,
    "turnover": 342906264.02812165,
    "slow_momentum": 0.29406885733767163,
    "fast_momentum": 0.09942707844830974,
    "slow_signal": 0.8487370962939587,
    "fast_signal": 0.9817318927336228,
    "momentum_blend": 0.7080863315019635,
    "cycle_bull": 0.48428100859454043,
    "cycle_correction": 0.40351750448079543,
    "cycle_bear": 0.3442568200510817,
    "regime_global_score": 1.0204287795401419,
    "regime_similarity_q20_mean": 0.9173637786280823,
    "regime_dissimilarity_q80_mean": 1.1809798053446063,
    "regime_similarity_spread": 0.7031674580309152,
    "regime_similar_subsequent_return_1m": 0.003088078958023166,
    "regime_similar_subsequent_return_3m": 0.007187876769944831,
    "regime_subsequent_return_spread_1m": 0.006247968755245863
  },
  "feature_cols": [
    "close",
    "open",
    "high",
    "low",
    "volume",
    "turnover",
    "slow_momentum",
    "fast_momentum",
    "slow_signal",
    "fast_signal",
    "momentum_blend",
    "cycle_bull",
    "cycle_correction",
    "cycle_bear",
    "regime_global_score",
    "regime_similarity_q20_mean",
    "regime_dissimilarity_q80_mean",
    "regime_similarity_spread",
    "regime_similar_subsequent_return_1m",
    "regime_similar_subsequent_return_3m",
    "regime_subsequent_return_spread_1m"
  ],
  "kdcode_list": [
    "A.N",
    "AAPL.OQ",
    "ABBV.N",
    "ABT.N",
    "ACGL.OQ",
    "ACN.N",
    "ADBE.OQ",
    "ADI.OQ",
    "ADM.N",
    "ADP.OQ",
    "ADSK.OQ",
    "AEE.N",
    "AEP.OQ",
    "AES.N",
    "AFL.N",
    "AIG.N",
    "AIZ.N",
    "AJG.N",
    "AKAM.OQ",
    "ALB.N",
    "ALGN.OQ",
    "ALL.N",
    "ALLE.N",
    "AMAT.OQ",
    "AMD.OQ",
    "AME.N",
    "AMGN.OQ",
    "AMP.N",
    "AMT.N",
    "AMZN.OQ",
    "ANET.N",
    "AON.N",
    "AOS.N",
    "APA.OQ",
    "APD.N",
    "APH.N",
    "APO.N",
    "APTV.N",
    "ARE.N",
    "ARES.N",
    "ATO.N",
    "AVB.N",
    "AVGO.OQ",
    "AVY.N",
    "AWK.N",
    "AXON.OQ",
    "AXP.N",
    "AZO.N",
    "BA.N",
    "BAC.N",
    "BALL.N",
    "BAX.N",
    "BBY.N",
    "BDX.N",
    "BEN.N",
    "BFb.N",
    "BG.N",
    "BK.N",
    "BKNG.OQ",
    "BKR.OQ",
    "BLDR.N",
    "BLK.N",
    "BMY.N",
    "BR.N",
    "BRKb.N",
    "BRO.N",
    "BSX.N",
    "BX.N",
    "BXP.N",
    "C.N",
    "CAG.N",
    "CAH.N",
    "CAT.N",
    "CB.N",
    "CBOE.Z",
    "CBRE.N",
    "CCI.N",
    "CCL.N",
    "CDNS.OQ",
    "CDW.OQ",
    "CF.N",
    "CFG.N",
    "CHD.N",
    "CHRW.OQ",
    "CHTR.OQ",
    "CI.N",
    "CINF.OQ",
    "CL.N",
    "CLX.N",
    "CMCSA.OQ",
    "CME.OQ",
    "CMG.N",
    "CMI.N",
    "CMS.N",
    "CNC.N",
    "CNP.N",
    "COF.N",
    "COO.OQ",
    "COP.N",
    "COR.N",
    "COST.OQ",
    "CPAY.N",
    "CPB.OQ",
    "CPRT.OQ",
    "CPT.N",
    "CRL.N",
    "CRM.N",
    "CSCO.OQ",
    "CSGP.OQ",
    "CSX.OQ",
    "CTAS.OQ",
    "CTRA.N",
    "CTSH.OQ",
    "CVNA.N",
    "CVS.N",
    "CVX.N",
    "D.N",
    "DAL.N",
    "DD.N",
    "DE.N",
    "DECK.N",
    "DELL.N",
    "DG.N",
    "DGX.N",
    "DHI.N",
    "DHR.N",
    "DIS.N",
    "DLR.N",
    "DLTR.OQ",
    "DOC.N",
    "DOV.N",
    "DPZ.OQ",
    "DRI.N",
    "DTE.N",
    "DUK.N",
    "DVA.N",
    "DVN.N",
    "DXCM.OQ",
    "EA.OQ",
    "EBAY.OQ",
    "ECL.N",
    "ED.N",
    "EFX.N",
    "EG.N",
    "EIX.N",
    "EL.N",
    "ELV.N",
    "EME.N",
    "EMR.N",
    "EOG.N",
    "EPAM.N",
    "EQIX.OQ",
    "EQR.N",
    "EQT.N",
    "ERIE.OQ",
    "ES.N",
    "ESS.N",
    "ETN.N",
    "ETR.N",
    "EVRG.OQ",
    "EW.N",
    "EXC.OQ",
    "EXPD.N",
    "EXPE.OQ",
    "EXR.N",
    "F.N",
    "FANG.OQ",
    "FAST.OQ",
    "FCX.N",
    "FDS.N",
    "FDX.N",
    "FE.N",
    "FFIV.OQ",
    "FICO.N",
    "FIS.N",
    "FISV.OQ",
    "FITB.OQ",
    "FIX.N",
    "FRT.N",
    "FSLR.OQ",
    "FTNT.OQ",
    "FTV.N",
    "GD.N",
    "GDDY.N",
    "GE.N",
    "GEN.OQ",
    "GILD.OQ",
    "GIS.N",
    "GL.N",
    "GLW.N",
    "GM.N",
    "GNRC.N",
    "GOOG.OQ",
    "GOOGL.OQ",
    "GPC.N",
    "GPN.N",
    "GRMN.N",
    "GS.N",
    "GWW.N",
    "HAL.N",
    "HAS.OQ",
    "HBAN.OQ",
    "HCA.N",
    "HD.N",
    "HIG.N",
    "HII.N",
    "HLT.N",
    "HOLX.OQ",
    "HON.OQ",
    "HPE.N",
    "HPQ.N",
    "HRL.N",
    "HSIC.OQ",
    "HST.OQ",
    "HSY.N",
    "HUBB.N",
    "HUM.N",
    "HWM.N",
    "IBKR.OQ",
    "IBM.N",
    "ICE.N",
    "IDXX.OQ",
    "IEX.N",
    "IFF.N",
    "INCY.OQ",
    "INTC.OQ",
    "INTU.OQ",
    "INVH.N",
    "IP.N",
    "IQV.N",
    "IR.N",
    "IRM.N",
    "ISRG.OQ",
    "IT.N",
    "ITW.N",
    "IVZ.N",
    "J.N",
    "JBHT.OQ",
    "JBL.N",
    "JCI.N",
    "JKHY.OQ",
    "JNJ.N",
    "JPM.N",
    "KDP.OQ",
    "KEY.N",
    "KEYS.N",
    "KHC.OQ",
    "KIM.N",
    "KKR.N",
    "KLAC.OQ",
    "KMB.OQ",
    "KMI.N",
    "KO.N",
    "KR.N",
    "L.N",
    "LDOS.N",
    "LEN.N",
    "LH.N",
    "LHX.N",
    "LII.N",
    "LIN.OQ",
    "LLY.N",
    "LMT.N",
    "LNT.OQ",
    "LOW.N",
    "LRCX.OQ",
    "LULU.OQ",
    "LUV.N",
    "LVS.N",
    "LW.N",
    "LYB.N",
    "LYV.N",
    "MA.N",
    "MAA.N",
    "MAR.OQ",
    "MAS.N",
    "MCD.N",
    "MCHP.OQ",
    "MCK.N",
    "MCO.N",
    "MDLZ.OQ",
    "MDT.N",
    "MET.N",
    "META.OQ",
    "MGM.N",
    "MKC.N",
    "MLM.N",
    "MMM.N",
    "MNST.OQ",
    "MO.N",
    "MOH.N",
    "MOS.N",
    "MPC.N",
    "MPWR.OQ",
    "MRK.N",
    "MRNA.OQ",
    "MRSH.N",
    "MS.N",
    "MSCI.N",
    "MSFT.OQ",
    "MSI.N",
    "MTB.N",
    "MTCH.OQ",
    "MTD.N",
    "MU.OQ",
    "NCLH.N",
    "NDAQ.OQ",
    "NDSN.OQ",
    "NEE.N",
    "NEM.N",
    "NFLX.OQ",
    "NI.N",
    "NKE.N",
    "NOC.N",
    "NOW.N",
    "NRG.N",
    "NSC.N",
    "NTAP.OQ",
    "NTRS.OQ",
    "NUE.N",
    "NVDA.OQ",
    "NVR.N",
    "NWS.OQ",
    "NWSA.OQ",
    "NXPI.OQ",
    "O.N",
    "ODFL.OQ",
    "OKE.N",
    "OMC.N",
    "ON.OQ",
    "ORCL.N",
    "ORLY.OQ",
    "OXY.N",
    "PANW.OQ",
    "PAYC.N",
    "PAYX.OQ",
    "PCAR.OQ",
    "PCG.N",
    "PEG.N",
    "PEP.OQ",
    "PFE.N",
    "PFG.OQ",
    "PG.N",
    "PGR.N",
    "PH.N",
    "PHM.N",
    "PKG.N",
    "PLD.N",
    "PM.N",
    "PNC.N",
    "PNR.N",
    "PNW.N",
    "PODD.OQ",
    "POOL.OQ",
    "PPG.N",
    "PPL.N",
    "PRU.N",
    "PSA.N",
    "PSKY.OQ",
    "PSX.N",
    "PTC.OQ",
    "PWR.N",
    "PYPL.OQ",
    "QCOM.OQ",
    "RCL.N",
    "REG.OQ",
    "REGN.OQ",
    "RF.N",
    "RJF.N",
    "RL.N",
    "RMD.N",
    "ROK.N",
    "ROL.N",
    "ROP.OQ",
    "ROST.OQ",
    "RSG.N",
    "RTX.N",
    "RVTY.N",
    "SBAC.OQ",
    "SBUX.OQ",
    "SCHW.N",
    "SHW.N",
    "SJM.N",
    "SLB.N",
    "SNA.N",
    "SNPS.OQ",
    "SO.N",
    "SPG.N",
    "SPGI.N",
    "SRE.N",
    "STE.N",
    "STLD.OQ",
    "STT.N",
    "STX.OQ",
    "STZ.N",
    "SWK.N",
    "SWKS.OQ",
    "SYF.N",
    "SYK.N",
    "SYY.N",
    "T.N",
    "TAP.N",
    "TDG.N",
    "TDY.N",
    "TECH.OQ",
    "TEL.N",
    "TER.OQ",
    "TFC.N",
    "TGT.N",
    "TJX.N",
    "TKO.N",
    "TMO.N",
    "TMUS.OQ",
