{
  "experiment_name": "notebook_train_backtest",
  "models_trained": 10,
  "best_val_losses": [
    0.0832798792019723,
    0.08334219124582079,
    0.08340125779310863,
    0.08337727011669249,
    0.0832353142045793,
    0.08329711783499945,
    0.08334835666039633,
    0.08340086551412704,
    0.08343443700245448,
    0.08325417801028206
  ],
  "mean_best_val_loss": 0.08333708675844329
}