{
  "experiment_name": "notebook_train_backtest",
  "models_trained": 10,
  "best_val_losses": [
    0.08329312491511541,
    0.08331444303667734,
    0.08336327224969864,
    0.08331261208606144,
    0.08324568907892893,
    0.08323881148345887,
    0.0833793497747845,
    0.08332821596709508,
    0.08327771167433451,
    0.08332996555264034
  ],
  "mean_best_val_loss": 0.08330831958187951
}